Month,BAJAJ_ELECTRICALS_LTD,Bajaj_Finance_Limited,Tata_Steel_Bsl_Ltd,Reliance_Capital,STATE_BANK_OF_INDIA,HDFC_Bank_Ltd,INFOSYS_LTD,KOTAK_MAHINDRA_BANK_LTD,RELIANCE_INDUSTRIES_LTD,RELIANCE_INFRA_LTD,TATA_STEEL_LTD,TATA_COMMUNICATIONS_LTD,TATA_MOTORS_LTD,TATA_CHEMICALS_LTD,Tata_Consumer_Products_Ltd,TATA_INVESTMENT_CORPORATION_LTD,RELIANCE_CHEMOTEX_INDUSTRIES_LTD,Tata_Steel_Long_Products,TATA_METALIKS_LTD,RELIANCE_INDUSTRIAL_INFRASTRUCTURE_LTD,ICICI_BANK_LTD,TATA_COFFEE_LTD,BHARTI_AIRTEL_LTD,TATA_CONSULTANCY_SERVICE,RELIANCE_COMMUNICATIONS_LTD,Reliance_Naval_and_Engineering_Ltd,Raymond_Ltd,JKCEMENT_LTD,AMBUJA CEMENTS LTD,OIL INDIA LTD
January-2010,828,332.7,1455,861.8,2265,1690.25,2606,812,1094,1153.7,622.7,339.7,791,322,950,484.8,32.05,323.9,147.5,964,888,404.9,330,750.7,175.9,54.8,195.6,148.5,104.4,1249
February-2010,177.95,307,1440,800,2045,1615,2470,774,1037.95,1029,473.95,323.9,699.4,304.4,930.1,509,30.4,378,144.5,885,822,351.8,305.5,735.45,169.1,53.6,232,144,101.5,1144.3
March-2010,196,300,1662,796.5,1990,1720,2636,750,986.6,1010,580.5,285,729,286,941,476.7,29.15,340,139,825,885.1,355.95,281.6,763.1,159.25,55,218.5,177.8,107,1160
April-2010,224,323.7,1775,763.85,2085,1939,2620,752.4,1080.05,1002.15,637,283.9,755,328.9,978,495.7,27.9,375,144.95,816,952,361,315,786.9,174,70.9,241.6,178.25,120.4,1141.1
May-2010,228,422,1766.5,730,2291,1990,2697,740,1024.7,1125,614.9,269.9,871.5,352.8,1074,514,35.95,368.85,150.25,825,945,389,297.5,756,163,86.95,236,185,120.4,1115
June-2010,206,460,1396.3,649.1,2260,1880,2655,755,1045,1065,498,235,745,321.6,1090,471,38.35,320,125,775,865,372.8,263,742,144,88.3,210,182,109.45,1258.1
July-2010,221,474.55,1397.2,757,2290,1910,2801,769.9,1083.6,1195.1,481.8,262.9,773.6,333.7,121.5,474,39.5,330,144,981,854,428.95,263,748,196.8,100.2,232,185,113.95,1452
August-2010,248.8,561,1570,786.05,2520,2127.45,2781,775,1020.05,1116,538,274.5,855,367,117.8,492,56,313,145.9,869.7,917.95,449.7,307.1,846,180.9,98.05,229,168,119.45,1408.65
September-2010,290,612,1833,759.25,2772,2140,2707,831.9,931,1005.05,527.2,338.7,1015,397,121.65,523.95,55.05,317.05,136.7,848.8,984,487,328.5,844,157.1,107.1,365.25,165,126,1450
October-2010,301.1,779,420,789.7,3250,2482,3044,480.55,992,1080,659.4,309.05,1100,402.5,121.3,594.4,74,377.75,141,864.7,1120,603,366,928.8,168.5,96,363,171.95,140.7,1513
November-2010,275,785,497,823,3187,2300,2988.1,468.2,1121.1,1046.9,601.25,311.8,1176,398.8,124.05,582,122,384.4,136.15,873,1186.25,614.95,329.5,1053,182.1,89.2,437.45,171.65,141.5,1460
December-2010,239.85,718.45,428,655,2998,2298,3040,483,985,845,586.1,273,1230.2,355,113.85,556.5,129,350.2,119,714,1149,529.9,355.5,1067.55,132.5,74,344,160,140,1377.25
January-2011,238,704.95,477.5,673.7,2830.05,2369,3449,456,1062,850,684.2,256.9,1321,395,109,563,122.5,366,130,718.5,1153,510,358.4,1165,147.15,88.4,377,150,143.05,1399
February-2011,217.05,600,400,527.9,2651.9,2059.8,3133,386.4,926,709,637,230.8,1153,350,100.65,534.9,105.8,354.95,119.3,574.7,1021,681.1,323,1157.2,124.8,80.65,320.3,124.3,127.9,1290
March-2011,222,610.05,382.75,481.1,2651,2062,3035,413.6,971.5,614.4,611.9,212.45,1097,325,90,510,111,326,106,649,983,569.7,331.6,1119,87.45,81.5,268.4,136,119,1221
April-2011,245,707.95,438,588,2772,2346.1,3225,457,1048.95,694.9,623,239,1244,341,98,511,123.3,346,118,633.9,1110,890,356,1183,110,79.05,319.2,140.1,147.1,1318
May-2011,266.25,689,500,566,2811.5,2300,2924.7,438,983.7,662,617.7,238.6,1240,378,101.5,534.9,121.5,350.8,116.2,635,1116.45,899,379,1165.5,100.45,87,354.9,126.1,156.5,1386
June-2011,246,620,459.8,507,2308,2384.1,2794,444,950.5,570,593,214,1095.7,383,88,501,118,356.95,103.35,566.3,1082.8,850,376,1158.95,90,83.7,365,115,139.1,1296
July-2011,242.5,618,445,580,2419.8,2527,2930,481.3,900,540,614.2,199,1006,374,97.85,498,95.5,346.35,99.2,539.65,1102.9,848.4,396,1185.05,96.6,77,368.85,108.45,133.5,1312.1
August-2011,224,750,394,582,2366.9,490.75,2780,446.1,837,546,570.1,225.85,954,361.55,107.1,485.95,89.1,337.3,91.8,523.7,1055,859.8,443,1138.1,102.6,72.9,381.25,117,131,1320
September-2011,194,613,346.15,392,1990,480.3,2370,448,795.55,443.5,471.8,204,751,339,93.35,466,121,308.8,70.9,413.2,892,748,414,1061,81.5,73.5,352.7,109,135.4,1301.1
October-2011,180,624,328,319,1884.9,465,2483,460,794.4,377.9,410,185,154.3,316,85.7,492.95,128.15,301,78.1,397,857,802.7,374.8,1024.95,72.5,78.5,333,114,146.1,1336.8
November-2011,197,688.9,337.55,364.6,1894,485,2840.1,508,869,456.2,477.45,189.5,195.3,328,92,486,127,334.7,75.1,417,919.5,901.1,389.9,1100,79,85.45,386,110,155.9,1298.8
December-2011,184,635.05,325,292.2,1812,456,2665,475,798.55,416.9,400.05,195,181,351.75,85.4,445,122,309.9,62.5,360,753.05,830,389.95,1135,76.3,62.8,391.25,103.05,152,1148.5
January-2012,154.5,604,309,238.95,1625.2,431.8,2763.9,432.8,697.9,341,339,212.5,182,317,91,424.5,130,238,52,292.15,690,762,346,1155.15,70.5,66.5,310.4,104,156.2,1192
February-2012,178.95,760,355.5,362.25,2054,491.05,2741.7,498,819.5,537,452,226.95,244.8,340,108,440.05,129,265,67.45,439.9,901,854,360.1,1130,98.9,71.85,344,118.35,156.55,1213.55
March-2012,188,790,397.95,405.9,2232,513.05,2865,546,812.7,596.9,472,234.9,269.75,363.05,126,466.45,116.55,277.05,66.8,498.3,904.9,849.9,349.4,1221.05,94.5,75.1,354.95,139.95,161.8,1283
April-2012,198,807.4,420.35,391.6,2096.5,518.2,2865,548,750,590,470.4,226,280,346,111.9,449.4,117,307.75,66.5,436,887.65,840,337.25,1172.5,84.05,80.5,426,160,172.25,514.5
May-2012,198.9,880,459.7,333,2146,542,2466,583.15,749,532.9,465,240,312.95,338,118,458,113.95,307,65.55,422.7,884.55,858,313.3,1245,76.25,84.05,406.5,140,150.7,456
June-2012,184.75,840.05,428.05,309,2062,508.05,2440,563.5,707.5,451.3,403,216.65,235,307,108.1,439.6,100,277.95,65,388.6,786,849.1,300,1235,64.2,81.75,362.15,148,151.95,435.6
July-2012,198,910,464.9,361,2165,565,2497,593.5,736.1,562.5,442.6,235,239.9,314.95,114.95,469,106.8,339.75,64,425,900,940,306.3,1278,64,84.5,405,154.4,174,499.05
August-2012,177.6,1035,473.15,335.9,2013.85,585.15,2229,536.35,741,494.95,415,245.8,224.5,306.5,126.75,431.2,88.9,344.9,60.25,388,953,946,302.5,1240,56.1,61.25,344.5,213.5,179.3,495.5
September-2012,170,1050.1,462,323,1850.5,595,2371,579,770,448.5,365.25,227,237,305,131,429,37.5,294.65,56,385.5,907.7,984.9,247,1347.3,48.9,69.25,343.45,203.8,186.8,493
October-2012,198.8,1175.5,497.75,431,2240,630,2548.1,650,840.8,537.4,402,242,267.3,322.9,145,440,47.7,315.5,68,439.7,1058,1007,265.5,1298,64.9,78.1,394.5,253,202.75,491
November-2012,199.1,1285,495.8,384,2110,636,2360,609.75,793.9,472.65,392.5,241,257,318.15,151.95,438,44.95,330.15,61.75,395,1052,1069,269.5,1315,54,79.35,381.1,250,202.4,480.4
December-2012,207,1381,464.95,427,2180,700,2442,665,795.7,488,386.1,237,273.2,330,167,440.1,42.25,315.3,62.95,434.9,1096.9,1388,336,1315,71.75,83.9,441.25,298.9,205.15,457.3
January-2013,211.2,1355,481,484,2401,682.95,2325.1,650.55,844.75,525,431.1,236.4,314.65,355.2,160.3,460,38.5,314,62.5,447,1147,1412.15,317.8,1268,74.6,91,460.65,362.3,201.05,465.8
February-2013,199.45,1309.7,448,475.25,2431,645,2789,679.95,891,518.8,405.5,233,298,358,151.9,456,38.9,312.6,60,440.7,1195,1532,338.4,1341.95,83.05,89.9,377.4,322,203.65,530
March-2013,178.35,1278,458.4,360,2087,626,2890,655.15,815.3,421.7,341.6,224,288,329.25,125.5,434,28.3,309.05,48.9,367,1053.6,1439.65,323.55,1512.2,62.2,70.25,314.05,315,191.05,529.4
April-2013,174.5,1157,460,315.7,2089.9,629.75,2903.15,651.45,780.35,327,314.8,232.1,268.9,321.1,130,437.95,30,303.95,43.9,313.5,1055.1,1485.1,290.7,1558,55,73.4,285,267,175,514
May-2013,178.95,1230,457.65,352.7,2275,682.2,2238.9,708,787.9,378.4,304.05,229,296.1,328,146.2,433,27.3,290.4,40.35,381,1161.2,1586.8,307,1375,97,72,292.8,263.7,185.75,543.2
June-2013,168,1476,463,328.3,2054.7,700.9,2524.8,782.6,807,362.7,292,207,310,301,146,431.1,29.55,285,38.1,364.1,1150,1524.95,302.5,1500,106.35,68.8,274,232.1,183.5,585.95
July-2013,172,1390,464,337.2,1963.95,670,2460,728.9,862,345.2,274.45,159,280,283,135,415.25,30.5,285,35.25,344.5,1060.4,998.1,292.35,1508,119.25,66.95,247.9,226,185.75,576
August-2013,168.8,1155,460,346.7,1717,618,2977,653,875.35,344.7,217.45,150,292,258,161.05,364,29.7,259,28.5,317.4,921.25,1064.6,345,1810,141.5,67.6,186,179,168,521
September-2013,158,1055.6,455.75,313.7,1525,596,3066,651.9,852.3,343.8,275.9,166,296.6,250,139.5,359.7,33.2,264.85,37.75,289.95,814.95,948.9,303,2018,123.1,49.75,192,180.75,170.7,435
October-2013,165,1161,482,319.5,1624.4,597,3022,679,826.8,373.3,274.7,197.05,332,239.75,145,370,30.95,263.05,37.45,290,892,996.15,319.6,1927,147.25,51.95,229,199.5,182,443
November-2013,166,1350,480,373,1799,679.45,3304.9,753,909,432.5,335.05,264,382.5,269,163.5,407,30.05,306.1,44,354,1122,1096.1,360,2110,145.4,51.8,269,193,189,472.1
December-2013,169.95,1415,483,380,1826,661,3354,756,852.75,432,400,287.65,397.5,280,150.2,409.75,31.45,295.95,51.1,362.4,1068.2,995,328,2001,139.2,46.2,279.9,196,186,484
January-2014,224.2,1575,480.25,363,1774,666.75,3491,729.65,896.75,422,425,311,378.1,275.35,161,407,29.65,312.1,55.6,377.25,1102,988,332,2180,130.25,44.5,283.8,194.2,183.1,487
February-2014,208,1525,462.55,322.2,1530,632.5,3685,657,829,375,356.5,275.85,348,262,141.4,392.5,32.5,363.8,46.15,329.95,984.3,879.8,314.5,2227,122.45,32.05,270.05,169.55,160.95,463.95
March-2014,248,1577.3,452,308.5,1530,666,3823,684,800,360,343.8,278.8,413.6,265.1,140.05,417,30.7,436,45.25,315,1039.4,914,289.7,2270,111.1,34,277,171.8,167.45,456
April-2014,291.1,1786,455,347.9,1932.3,753,3285,779,935.05,435.1,394.5,303,403,288.3,151.05,460.5,30.5,511,52.1,387.85,1245,955,318,2145,129.7,35.5,303.1,241.65,200,483.2
May-2014,295,1880.5,443,358.9,2090,724.25,3182.5,802.9,941,514,403.8,285.9,416.2,285.05,150,477.5,33.5,575,61.4,404,1252,1014,328,2194,123.5,46.9,314,225.05,197.5,478.05
June-2014,302,2003.8,419.4,531.7,2547.3,795,2950,874.95,1073.15,695,477,350.75,418,304,148,520,42.1,570.3,68.8,579.4,1414,911,346,2147,136.75,70.4,342.95,340,218,571.3
July-2014,341,2049,391.1,661,2698.3,825.2,3246,884.6,1016,779,530,396,432,345.1,174.2,582.1,42,657,77.1,617,1422.1,981.5,337,2415,147,69.4,408.8,385.8,222,586
August-2014,289,2219.95,394.5,576,2415.9,829,3360,954,998.4,735,548,368.1,445,344.5,152.95,547.25,40.5,879,112.75,543,1461,921.25,372,2577,134,53.35,421.9,388,206.35,566
September-2014,296.3,2479.9,96.3,532.9,2475,846,3605.25,1021,1003.15,702.4,515.15,379.7,526,377,151,549,40.85,855.7,104.5,506.7,1553,900,371.5,2525,116.95,46.9,456.7,470.1,206.5,617
October-2014,268,2705,120,457.3,2445,868.25,3750,1006.85,944.8,587.5,457,359.5,502.65,403,160,574.95,39.25,888,113.75,502,1440.35,928,403.85,2749,98.15,38.9,435,569.65,213,609
November-2014,283.4,2780,106.9,479.2,2705,912,4075,1115.85,1002,642.5,492,403.15,532,408.1,160.5,568,39.9,721.05,161.7,541,1628,929.3,401,2645,106.5,38.85,461,621.25,228.8,635.55
December-2014,204,3100,97,525,323,957.15,4388,1202.25,989.4,608,474,458.65,538.5,438,162,586,40,661.5,148.8,517.3,1761.1,1009.9,383,2643,103,35.7,489.1,624,230,592.85
January-2015,220.65,3503.2,88.7,494,312,952,1967.8,1253.3,885.5,508,396,441.7,492.6,435,151.85,567.8,44,688.5,145,481,355.45,954.2,358,2554.35,79.5,40.2,505.9,635.3,229.4,572.6
February-2015,232.5,4045,83.4,487.4,309.95,1068,2140,1320.85,915.15,507.9,391,411.1,585,456.7,159,557.45,49,652,128.35,471.4,361,99.95,373,2482.1,80.15,49.15,515,695,249.9,538
March-2015,214.95,4449.95,89.35,461.1,305.3,1082,2300,1414,869.85,479.5,358.55,399.85,598,453.5,155,559.8,48.9,758.1,125.8,453.4,351,94.9,358.75,2675.1,68.85,75,505,702.75,272,498
April-2015,230.6,4100,65.7,427.6,266.9,1026,2209.4,1320,824.95,434.4,316.5,422.7,550,444,149.5,576.9,41.55,730.2,119.7,397.9,315,91,394.7,2565,59.3,57.65,443.3,678,254.95,455
May-2015,237.15,4002.05,63,407,274,995,1961,1314.9,867,415.05,363,440.6,513.4,432.1,144.8,560.35,41.6,590,123,383,332,88.45,377,2482,60.9,57.3,449.5,640.05,239.3,462.5
June-2015,276.3,4274.9,55.9,405,279,1051.25,2030,1395,877,410.1,329,434.75,482.8,430,145.7,612.35,42,576.9,112.7,375.7,317.8,89.45,416.9,2610.25,68.25,60.4,431.1,650,237,468
July-2015,275,5468,56.6,362,262,1063,990,1387.6,1002.4,390,305.5,450,436.95,434,133,591.5,40,543.5,102,373.5,308.1,88,422,2565,62.15,60.1,471.9,682.4,230,460
August-2015,261,5500,59,386.5,270.7,1111.2,1080,696.1,1001.15,414,247.3,452,385,494,141.9,580,45.7,515,100,387.25,305.45,88,419.5,2509.9,70.5,60.45,468.95,670,233,444
September-2015,252,4980,53.8,308.15,245.1,1027.45,1089.95,644,852.55,335.7,221,393,335.15,400,119,553,42.3,485,97.8,323.9,275,89.1,352,2567,59.9,56.4,390,622.8,207.2,459.5
October-2015,253,5165.25,43.55,379,242,1070,1169.9,652,872,350.7,215.95,409.5,300.1,384.7,128.15,541.3,44,454.5,101,323,273,92.35,338.2,2600,68.8,59.15,430.4,660,208.9,426.55
November-2015,245.65,5208,44.55,418.1,238.7,1097.05,1130,690,946.1,395,247.1,434.35,387,409,133.9,547,48.1,488.2,99.7,334.65,277,89.5,348,2497,76,57.75,426.9,670,207.5,406
December-2015,220,5514.4,42.8,441,250.45,1073,1088.5,693.05,966.4,453.2,230.5,435.4,425.5,421,138,563,40.75,488.05,97.6,354.9,275,90.4,335,2365,76.1,64.75,418,691.9,200,381
January-2016,209.3,6022.55,44.45,436.95,225,1084.9,1100,715,1010,544.45,261,432.9,393.8,403.1,147,543.95,51,496.25,101.5,507.5,261,97.45,338,2432.1,88.7,89.9,430,580,203,389
February-2016,184.9,5950,38,385.2,182,1055,1170,685,1040,473,251,400.8,340,353.05,127,505,48.75,415.9,100,372,227.65,97.45,291,2392,62.3,73.9,408.3,495.95,197,353.05
March-2016,158,5970,33.65,321.6,160,980,1098,620,967.5,412.1,250,333.5,300.3,316.7,105,465,39.4,373,87.15,370.1,195.1,83.8,315.3,2182.5,51.7,61.85,394.4,482,189,309.5
April-2016,190,7000,35.95,367,194,1066,1212,680,1039,532.8,318,380.1,388.4,374.55,121.85,477.2,39.5,470.05,96.7,432.3,235.85,89.4,350.35,2505.05,49.9,68.45,403,669,233,314.7
May-2016,228.4,6813.4,40,404,188,1130,1214,714.5,981.4,536,350,410.95,410,406.1,119.9,495.25,41.65,573.5,129.5,422,228,92,364,2530.05,56,65.5,421,595,221.75,331.35
June-2016,236.75,7550,37.95,411,206,1181,1241,750,958.8,539.1,335.5,459.8,455.7,422,119,524.45,63,589.05,236.9,407.15,244.7,90,354.65,2577.9,47.8,60.05,466.95,579.8,227,350.75
July-2016,239.45,7979,42.5,403.7,220.5,1178.9,1180,764,973.5,547.9,325.05,482.15,463,430.9,132,517,65,625.15,372,437.5,242.8,106.65,367.1,2553.1,51,63.8,466,665.45,254,351
August-2016,267.6,10520,43.45,455,230.95,1246.55,1074,761.85,1016.55,611,359,441.9,504,477,143.5,505,66.15,607,430,437,257,118.55,362.05,2620,53,71.3,462,715,271.15,373.2
September-2016,265,11180,41.4,530.5,252.45,1290.75,1036,811,1053.9,595.9,370.8,526.2,540.05,555,140.45,571.2,65.5,620.05,458,446.8,257.95,128.55,331,2529,55.1,65.05,416.9,785,273,383.95
October-2016,259,1075,41.55,554.9,252.6,1275.55,1038.1,788.85,1084.5,555,376,565,542.9,529.05,141,608.05,63.35,575,399,415.95,254.65,124.25,315,2440,47,56.85,539,882,253.8,402
November-2016,267.05,1090.05,44.7,523.65,257.5,1253.7,1009.85,820,1051,544.7,404,635,533,541.35,139.7,592,66,603.95,395,418.7,279.95,129.75,320,2394,46.7,60.15,623,965,240,417
December-2016,224.4,930,41.15,440.4,259.9,1209.8,976,758,996.15,482.95,417.55,658,458,480.3,124.8,575,66.55,555.75,333.9,405.1,266.9,117,325.55,2290,37.7,54.35,510,740,212.4,428
January-2017,220,855,40.4,433.95,252.75,1205,1012,719.05,1081.35,470.7,390.2,627.25,474.95,505,122.7,561,66.5,564.5,326.7,389.7,255.7,113.55,305.25,2365,34.1,55.5,495.5,720,211,453.05
February-2017,240.65,1048.5,59.9,450,261.6,1288,921.9,780.4,1045.2,514.9,462.55,720,525.55,548.3,128.1,581,71.35,593.25,366,395,267.25,123.95,347.9,2224.35,34.35,61.4,496.45,722.5,231.9,332
March-2017,262,1111,58.25,535.15,270,1396,1014.6,804.6,1242,570,483.3,736.95,457.5,561,138.55,600,66.25,655,519.8,454,277.2,123.4,368,2484,39.05,63,632.7,890,228.75,330
April-2017,314.9,1175,57.6,617.9,294.3,1445,1027.1,880,1332,570,485,723,469,601,151.9,637,65.65,703.8,591.8,455.1,278.3,127.95,350,2435,38.35,67.7,637,941,239.6,333.5
May-2017,351.5,1279,73.95,666,290.8,1551,924.8,905,1400.1,600,450.05,725,457.8,652.65,154,669,74.45,826,687.55,508.8,280,125.1,350.15,2297,34.6,65,721.1,966,244.7,328.5
June-2017,341.7,1330,82,565.2,287.2,1630,969,963.55,1338,480,506.2,730,477,635,149,654.15,71.35,837.3,672.3,436.9,325.9,127.45,370,2530,20.5,56.25,695.05,1110,242,307.95
July-2017,325.25,1381,68.9,644.5,274,1653,935,955.55,1388,499.7,544.05,722,433.7,611,152,744.95,85.05,779.7,709.6,430.45,291,129.75,382,2364,21.5,61.45,729.9,939.5,247.9,260.1
August-2017,330.4,1702.8,73.8,725,313.7,1784,1007,1023.85,1623.85,531.7,569.1,670,445,624,170.05,892,99.1,838.85,662,466.3,303,130.15,415.65,2494.05,26,62.4,804.95,1010.45,264,289.2
September-2017,353.85,1772,69.7,813,277.9,1761,915.2,977,1601.8,513.7,641,654.1,379,584.3,197.9,846.1,85.05,816.05,652,436,300,138,429,2475,23.3,57.1,775,997.05,281,287
October-2017,351.7,1850.05,65.25,589,255.2,1806,908,1001.9,792.35,474.9,655.05,692.15,428.25,645,207.5,859.5,86.05,879,657,488,278.4,153.25,389.65,2435,18.7,53.05,815,960.8,266,352.5
November-2017,387.75,1795,63.5,579,309.75,1810,924,1032.05,946,505,707,710,430.05,738.6,228.6,857,93.4,945,817,530.85,303,162.4,518,2622,17.4,55,893.3,1002.4,282.55,370.3
December-2017,460.05,1720,71.5,434.9,321.55,1855,977.5,1005,925,441,696,685,409.1,728,289.4,890.75,86,964.5,848.8,542,309,175.8,496.85,2637,12.9,39.9,967,1002.2,264.05,363
January-2018,493.1,1776.8,70.95,581.35,310,1873,1040,1003,922,555.05,732.5,683,432.2,732,317,895,95.9,989.05,893.5,541.7,312,168,531.5,2689.8,37.45,49.3,1058.05,1115,272.55,372
February-2018,487.55,1677,52.25,491.35,316.05,2007,1150,1107,964.4,495.1,706.25,618.45,401,718.45,288.05,865,118,1094,885.75,541,349.7,143.45,435,3120,29.6,46.95,1045,1095.15,263.1,360.9
March-2018,528.85,1635,46.5,473,266.8,1875,1173.45,1088.05,950.85,455.05,671,636.95,367.9,702,275,802.55,91.85,1060,810,472,313,131.8,429.5,3041,28.3,40.95,947,1021.5,253.7,350
April-2018,569.45,1769.75,41.6,427,251,1892,1135.5,1045,890.5,424.35,574.95,623.55,335,685.05,260,733.85,75,923.7,752,436,272,114.85,401.4,2845,22,27.75,907.55,1010,233.3,219
May-2018,655.5,1910,21.1,436.1,246.4,1948.35,1200,1228.75,968.8,452,596.7,614.5,349.75,771.45,296.5,871.05,95.6,1072.05,833.95,458.45,284.65,136.25,411,3533,15.25,18.5,1118,1010,249.35,232
June-2018,533,2132,44.7,420.9,269.5,2124,1231.9,1320,921.3,432.55,570.9,626,286.65,746.15,270,805,86.75,1110,773.75,420.9,291.05,118.7,378.45,1758,18.45,16.3,994.4,939,205.2,219
July-2018,535.1,2299,29.5,388.7,259.9,2086.25,1313.9,1358.7,973,391.95,575.2,599,276,717,269.65,818.95,76,965,669.35,423.95,275,113,381,1829.95,13.95,12.1,918,867.7,208,210.9
August-2018,612,2720.95,27.55,421,295,2179,1365.85,1312,1195,400.95,565,577.6,248,685,248.5,807,76.9,904.4,656.9,438.1,302,113.5,391.5,1951,14.65,14.25,838.95,773,230,209.8
September-2018,563.3,2884.95,28.8,470.15,312,2067,1458,1294.9,1249,481,602,542.75,271.7,761.05,234,807.85,95,974,721,480.65,342.7,117,385.5,2080.05,18.25,17.75,846.65,810.35,240.6,214.2
October-2018,500,2171,23.05,280,265.5,2015,735.1,1095,1258.2,295,583,522,224.3,700.05,234.9,726.85,73.95,811,655,345.95,305.3,97.6,340,2186,11.85,12.41,666.2,765,224.75,221
November-2018,493.1,2378,28.9,242.9,282.5,1925,693.9,1121.15,1066.4,359.05,556.95,495,179.2,685.5,217,673.2,62,805.05,640.65,334.95,356.1,95.45,294.5,1940.1,12.65,13.5,763.7,673,197.05,197.85
December-2018,476.2,2549,27.85,229,287.4,2122.25,670.5,1248,1172.05,334.85,541,538,173.7,699,217.05,855,88,785.5,631,339,359.8,94.5,315,1980.1,15.5,12.71,815,714.6,215.55,187.8
January-2019,504.9,2641.05,39.6,230.45,297,2123,661,1251.15,1126,316,522.05,525.55,173.7,710.75,219.55,899.95,73.9,869.9,617.7,338.75,362,98.4,316.8,1905,14.58,14.35,843.05,694,225.55,176.1
February-2019,457.45,2598,29.95,194,296.05,2082,753.8,1258.25,1234,270.15,477,507.4,182,683.5,203,860,67.25,745.05,610,316.65,364,90.05,305.95,2005,11.91,11.85,754.25,707,210.35,168
March-2019,461.1,2662.8,27.05,173.1,270,2084,737.8,1224.7,1235,123.85,503.9,584.95,179.2,559.7,194.25,827.95,68,711.7,604.6,275.2,351.8,83.85,320.5,1990,6.54,9.7,769.75,724.65,215,176
April-2019,564,3027.5,30,204.5,322,2325,742.9,1349.9,1368.55,138.8,527,614.95,176,594,205,833.15,78.2,768,656,329.95,402,90.95,332,2010,3.94,10.85,814,850,236.25,187
May-2019,559.5,3099.6,34.5,133.2,308,2321,748.6,1394,1394,108.2,556,562,212.9,571.15,209.25,850.3,73,735.25,622,317,404.6,90.1,321.9,2260,1.79,8.25,776.25,890,220.5,182
June-2019,541.2,3465,30.6,121.55,352.05,2434.5,734,1524,1335,104,487,534.2,170,633.35,244.3,880.55,76.8,717.9,607,325.5,422.55,91,350.5,2207.8,2.06,7.95,836,1045,232,180.05
July-2019,535,3685,29.75,63.65,362.2,2451.1,734.1,1483,1257,54.35,509.1,485,163.75,627,273.95,898.9,68.35,549,604.5,298.9,439.7,82.2,343.05,2239.65,1.3,4.03,738.1,1006.7,214.6,177.05
August-2019,370,3211.05,26.2,51.65,331,2233,790.8,1513,1169.8,47.15,428,471,135.8,578.8,251.25,818.75,56.15,457.55,523.1,236,423.7,75.9,335.7,2206,1.42,2.41,650,968.5,201,157.75
September-2019,392.5,3319.8,21.25,34,271.9,2225,815,1431.5,1240,37.85,341.6,431.2,111.65,586,278.5,760.1,58.6,427.95,529,245.85,407.95,75.2,347.05,2259,0.86,0.88,569.05,1035.5,200.05,150
October-2019,405.85,4095,22.5,24.3,273.8,1234,809.8,1639,1335,29.2,364.8,385,118.4,592.9,281,815.05,60.25,411.9,542.8,264.95,436.9,78.2,368.25,2099.5,0.76,1.4,561,1048.55,204.4,143.9
November-2019,397,4032.9,23.9,20.25,312.8,1240,689.9,1573,1459.9,37,376,356.55,175.1,631.95,317,840,57.2,409.15,619.05,279.8,466.9,85.1,363.1,2270,0.65,3.58,579,1122.8,203.25,172
December-2019,341.6,4089,26.8,15.5,343.35,1275,702.35,1614.4,1595,26.6,424.7,445,161,674.9,325.9,833,60,387.1,597.25,315.2,514,89.65,470,2060,0.85,9.31,735,1152.5,207.9,154
January-2020,358.3,4235,29.85,15.25,334.5,1275,733.6,1686.9,1516.1,30.85,473.1,399.3,185.85,670.15,322,810,64,400,612.6,297.2,539.2,92.5,458,2170,0.87,4.32,673.45,1165.9,197.4,153
February-2020,371.2,4368,27.75,9,319.9,1218.25,775.95,1689.9,1406.95,22.15,432,413.45,176,751.05,383.95,897.85,68.7,394.05,614.9,411,527,99,497.8,2080,0.74,1.98,644.35,1390.3,204.85,129.05
March-2020,415,4578,24,6.77,310.2,1195,733,1648,1358.4,19.55,390,363.65,133.5,728.45,347,914.5,59.6,345,615,310.2,505.2,82.5,534.15,2025.1,0.68,1.45,525,1400,215,109.85
April-2020,271.45,2166,16.45,4.6,195.5,869.9,640,1291.1,1116.2,10.6,267,235.15,71.1,225,298.9,664,43.8,194.45,328.35,210.85,320,56.55,443,1830,0.66,1.59,222.8,916.05,148.05,81
May-2020,338.9,2232,18.2,8.15,184.7,964,694.55,1300,1442,21.15,286,427.65,87.45,281,343.9,734.7,65,235.1,450,278,361.4,77.25,510,1960,1,1.2,240,1118.6,169,96.2
June-2020,378,1998,19.7,6.95,164,970,696.55,1270,1480,17.2,300,481,89,310.8,368.8,732.55,55.8,241.85,422.5,274.35,338.2,74.55,560,1995,0.79,1.08,229.8,1167,194.5,86.5
July-2020,394,2830,21.3,13.35,179.7,1065.7,736,1324,1718,40.6,328.25,625,98.75,310.55,387.5,748,64.3,249,476,404.65,355,81.5,574,2085.05,1.77,3.41,277.4,1378,194.1,93.65
August-2020,418,3236,21.8,9.02,194,1030,962.8,1364.95,2059,27.1,364.5,776.05,103.4,301,433.9,735.1,63,260,494,405.95,347,89.95,551.55,2299,3.39,2.46,237,1495,219.7,96.9
September-2020,498,3510,24,9.51,212.15,1122,925,1400,2095,28.45,413,845,144,310,527,805,70.6,299.85,554,400.25,394.15,107.3,517,2265,2.29,4.3,282.05,1460,219.8,94.8
October-2020,512.8,3400,21.3,7.81,187.7,1085,1016,1278,2264,22.45,364.9,851.25,135.7,302,509.8,843,60.45,321.5,520.8,378.75,357.5,105.2,427.9,2509.8,1.63,3.07,292.15,1545,218.2,87
November-2020,485.65,3340,25.3,9.49,192.45,1195,1070,1555,2033.5,20.1,412,946.65,133.7,322.25,494,831.05,55.8,435.6,515,367.15,417.95,104,434.9,2665,1.59,2.32,276,1897.8,261.9,85.4
December-2020,585,4945,36.25,9.75,244.8,1440,1105.55,1934,1935.25,21.9,590.5,1064.6,183.25,392,550,948.15,65.95,480,540,388,483,103.25,464.25,2680,1.63,2.94,324,2100,263.95,96.5
January-2021,608.6,5317,40.9,11.67,275,1438,1258.95,1995,1986.15,26.85,644,1100,185.25,477.25,594,1009.85,74.95,564.8,615.4,406.75,534.8,104.7,510.6,2879,2,3.08,339,1933.95,249.8,109.5
February-2021,722.5,4766.05,37.75,9.65,284.55,1400,1246,1730,1845.2,27.8,604,1005.5,270.4,478,561.5,1029.1,75,655,723.05,376,550.2,110.45,561.5,3104,1.82,2.87,324.05,2210,248.95,113.9
March-2021,1020,5310,46.2,10.1,395.8,1568.3,1268,1811,2114.45,31.55,725.9,1080,329.9,752,617.4,1123,76.05,692.15,792,399,606,132.55,556.55,2930,1.74,2.69,372,2680,279,127.95
April-2021,990,5216,52.65,11.03,366.65,1502,1380,1765,2019.7,35.5,821,1045.3,306.5,761.95,645.75,1038.85,77.9,716.7,814.15,367,587.7,120.65,519.75,3190,1.68,3.08,362,2944,312.25,124.8
May-2021,1153,5325,72.7,9.94,350,1399,1342,1743,1963.7,42,1034.95,1100.05,285.65,794.45,661,1028,94.5,940.25,1069,363.3,597.4,130,532,3034.7,1.58,2.82,323,2771,305,122.55
June-2021,1060,5625,97.9,14.73,426.4,1517.2,1400,1815.9,2164.1,63.4,1128,1085,319.65,706.7,664.95,1062.7,89.35,939.9,1094,432.9,663.35,179.4,538,3170,2.51,3.3,370,2870,328.2,133.7
July-2021,1038.95,6049.7,89.15,22.75,420,1501.6,1582,1712.7,2114.1,86.25,1170.05,1308,341.65,726,759,1131.15,127.95,959,1125,763.05,632.95,188.5,527.05,3359,3.9,5.11,414,2884.6,339.25,156.55
August-2021,1175,6270,96.75,18.2,435.4,1437.8,1620,1666,2047.2,77.9,1448.9,1449,300.4,770,763,1156,162.45,1130,1349,708.4,682.7,215,565.05,3173.55,3.3,3.05,448.65,3280,411.05,169.6
